{"properties":{"connectionReferences":{"shared_office365users":{"runtimeSource":"invoker","connection":{"connectionReferenceLogicalName":"ya_sharedoffice365users_30dcf"},"api":{"name":"shared_office365users"}},"shared_yaa-5fgetpresenceconnector-5f01c647c33275b153":{"runtimeSource":"invoker","connection":{"connectionReferenceLogicalName":"yaa_sharedyaa5fgetpresenceconnector5f01c647c33275b153_abd3f"},"api":{"name":"shared_yaa-5Fgetpresenceconnector-5F01c647c33275b153","logicalName":"yaa_5Fgetpresenceconnector"}}},"definition":{"$schema":"https://schema.management.azure.com/providers/Microsoft.Logic/schemas/2016-06-01/workflowdefinition.json#","contentVersion":"1.0.0.0","parameters":{"$connections":{"defaultValue":{},"type":"Object"},"$authentication":{"defaultValue":{},"type":"SecureObject"}},"triggers":{"manual":{"metadata":{"operationMetadataId":"52becf51-5848-4b4c-bba5-5986bbedbe32"},"type":"Request","kind":"PowerAppV2","inputs":{"schema":{"type":"object","properties":{},"required":[]}}}},"actions":{"ユーザーの検索_(V2)":{"runAfter":{},"metadata":{"operationMetadataId":"22c2b97d-7a93-4dd7-80e7-8614f30f113d"},"type":"OpenApiConnection","inputs":{"host":{"connectionName":"shared_office365users","operationId":"SearchUserV2","apiId":"/providers/Microsoft.PowerApps/apis/shared_office365users"},"parameters":{},"authentication":"@parameters('$authentication')"}},"変数を初期化する":{"runAfter":{"ユーザーの検索_(V2)":["Succeeded"]},"metadata":{"operationMetadataId":"1fb138e2-0676-4adc-8a7b-07aa125e943c"},"type":"InitializeVariable","inputs":{"variables":[{"name":"UserIdsArray","type":"array"}]}},"Apply_to_each":{"foreach":"@outputs('ユーザーの検索_(V2)')?['body/value']","actions":{"配列変数に追加":{"runAfter":{},"metadata":{"operationMetadataId":"75d44ae7-22fd-4240-a994-a29b839db20c"},"type":"AppendToArrayVariable","inputs":{"name":"UserIdsArray","value":"@items('Apply_to_each')?['Id']"}},"配列変数に追加_2":{"runAfter":{"配列変数に追加":["Succeeded"]},"metadata":{"operationMetadataId":"75d44ae7-22fd-4240-a994-a29b839db20c"},"type":"AppendToArrayVariable","inputs":{"name":"UsersArray","value":{"id":"@{items('Apply_to_each')?['Id']}","upn":"@{items('Apply_to_each')?['Mail']}","body":"@items('Apply_to_each')"}}}},"runAfter":{"変数を初期化する_2":["Succeeded"]},"metadata":{"operationMetadataId":"454ddf89-d2c7-42bc-9f9a-af7a40335e8f"},"type":"Foreach"},"作成":{"runAfter":{"Apply_to_each":["Succeeded"]},"metadata":{"operationMetadataId":"512fee72-5a3c-4589-adb5-777aa1d1ba25"},"type":"Compose","inputs":"@variables('UserIdsArray')"},"GetUsersPresences":{"runAfter":{"作成":["Succeeded"]},"metadata":{"operationMetadataId":"9a2f07a2-5491-4a8f-8f36-5c7d8562cc34"},"type":"OpenApiConnection","inputs":{"host":{"connectionName":"shared_yaa-5fgetpresenceconnector-5f01c647c33275b153","operationId":"GetUsersPresences","apiId":""},"parameters":{"Content-Type":"application/json","body/ids":"@outputs('作成')"},"authentication":"@parameters('$authentication')"}},"JSON_の解析":{"runAfter":{"GetUsersPresences":["Succeeded"]},"metadata":{"operationMetadataId":"851c10fb-7275-4fb4-84da-f40be1dd8ebc"},"type":"ParseJson","inputs":{"content":"@body('GetUsersPresences')","schema":{"type":"object","properties":{"@@odata.context":{"type":"string"},"value":{"type":"array","items":{"type":"object","properties":{"@@odata.type":{"type":"string"},"id":{"type":"string"},"availability":{"type":"string"},"activity":{"type":"string"}},"required":["@@odata.type","id","availability","activity"]}}}}}},"応答":{"runAfter":{"JSON_の解析":["Succeeded"]},"metadata":{"operationMetadataId":"fee68431-8f45-41b0-ac15-f0fef8310527"},"type":"Response","kind":"Http","inputs":{"statusCode":200,"body":{"body":"@body('GetUsersPresences')","users":"@variables('UsersArray')"},"schema":{"type":"object","properties":{"body":{"type":"object","properties":{"@@odata.context":{"type":"string"},"value":{"type":"array","items":{"type":"object","properties":{"@@odata.type":{"type":"string"},"id":{"type":"string"},"availability":{"type":"string"},"activity":{"type":"string"}},"required":["@@odata.type","id","availability","activity"]}}}},"users":{"type":"array","items":{"type":"object","properties":{"id":{"type":"string"},"upn":{"type":"string"},"body":{"type":"object","properties":{"Id":{"type":"string"},"AccountEnabled":{"type":"boolean"},"BusinessPhones":{"type":"array","items":{"type":"string"}},"City":{"type":"string"},"Country":{"type":"string"},"Department":{"type":"string"},"DisplayName":{"type":"string"},"GivenName":{"type":"string"},"JobTitle":{"type":"string"},"Mail":{"type":"string"},"MailNickname":{"type":"string"},"OfficeLocation":{"type":"string"},"PostalCode":{"type":"string"},"Surname":{"type":"string"},"UserPrincipalName":{"type":"string"}}}},"required":["id","upn","body"]}}}}}},"変数を初期化する_2":{"runAfter":{"変数を初期化する":["Succeeded"]},"metadata":{"operationMetadataId":"1fb138e2-0676-4adc-8a7b-07aa125e943c"},"type":"InitializeVariable","inputs":{"variables":[{"name":"UsersArray","type":"array"}]}}},"outputs":{}}},"schemaVersion":"1.0.0.0"}