{
  "properties": {
    "connectionReferences": {
      "shared_office365users": {
        "runtimeSource": "invoker",
        "connection": {
          "connectionReferenceLogicalName": "ya_sharedoffice365users_30dcf"
        },
        "api": {
          "name": "shared_office365users"
        }
      },
      "shared_getpresences-5f01c647c33275b153-5f65cd7146cf59a18b": {
        "runtimeSource": "invoker",
        "connection": {
          "connectionReferenceLogicalName": "new_sharedgetpresences5f01c647c33275b1535f65cd7146cf59a18b_911ba"
        },
        "api": {
          "name": "shared_getpresences-5f01c647c33275b153-5f65cd7146cf59a18b",
          "logicalName": "ya_getpresences"
        }
      }
    },
    "definition": {
      "$schema": "https://schema.management.azure.com/providers/Microsoft.Logic/schemas/2016-06-01/workflowdefinition.json#",
      "contentVersion": "1.0.0.0",
      "parameters": {
        "$connections": {
          "defaultValue": {},
          "type": "Object"
        },
        "$authentication": {
          "defaultValue": {},
          "type": "SecureObject"
        }
      },
      "triggers": {
        "manual": {
          "metadata": {
            "operationMetadataId": "ff4010f6-3331-46fa-a4da-d64cc331f4f5"
          },
          "type": "Request",
          "kind": "PowerAppV2",
          "inputs": {
            "schema": {
              "type": "object",
              "properties": {},
              "required": []
            }
          }
        }
      },
      "actions": {
        "ユーザーの検索_(V2)": {
          "runAfter": {},
          "metadata": {
            "operationMetadataId": "e93ecf55-5334-4ad7-86e9-3fd5e1d086e9"
          },
          "type": "OpenApiConnection",
          "inputs": {
            "host": {
              "connectionName": "shared_office365users",
              "operationId": "SearchUserV2",
              "apiId": "/providers/Microsoft.PowerApps/apis/shared_office365users"
            },
            "parameters": {
              "top": 1000
            },
            "authentication": "@parameters('$authentication')"
          }
        },
        "変数を初期化する": {
          "runAfter": {
            "ユーザーの検索_(V2)": [
              "Succeeded"
            ]
          },
          "metadata": {
            "operationMetadataId": "d4658365-dd5f-4a4a-9a21-c2876aa558bb"
          },
          "type": "InitializeVariable",
          "inputs": {
            "variables": [
              {
                "name": "IDs",
                "type": "array"
              }
            ]
          }
        },
        "Apply_to_each": {
          "foreach": "@outputs('ユーザーの検索_(V2)')?['body/value']",
          "actions": {
            "配列変数に追加": {
              "runAfter": {},
              "metadata": {
                "operationMetadataId": "4cbb7364-8215-4986-b9d2-585d402211d6"
              },
              "type": "AppendToArrayVariable",
              "inputs": {
                "name": "IDs",
                "value": "@items('Apply_to_each')?['Id']"
              }
            }
          },
          "runAfter": {
            "変数を初期化する": [
              "Succeeded"
            ]
          },
          "metadata": {
            "operationMetadataId": "f3973dd7-0191-4edf-88b1-35de65551d36"
          },
          "type": "Foreach"
        },
        "getPresencesByUserId": {
          "runAfter": {
            "Apply_to_each": [
              "Succeeded"
            ]
          },
          "metadata": {
            "operationMetadataId": "6569a5b3-c12a-4779-b05c-53f07a394edf"
          },
          "type": "OpenApiConnection",
          "inputs": {
            "host": {
              "connectionName": "shared_getpresences-5f01c647c33275b153-5f65cd7146cf59a18b",
              "operationId": "getPresencesByUserId",
              "apiId": ""
            },
            "parameters": {
              "body/ids": "@variables('IDs')"
            },
            "authentication": "@parameters('$authentication')"
          }
        },
        "応答": {
          "runAfter": {
            "getPresencesByUserId": [
              "Succeeded"
            ]
          },
          "metadata": {
            "operationMetadataId": "84748d95-676f-41f7-a684-8d25e5dd737f"
          },
          "type": "Response",
          "kind": "Http",
          "inputs": {
            "statusCode": 200,
            "body": {
              "users": "@outputs('ユーザーの検索_(V2)')?['body/value']",
              "results": "@outputs('getPresencesByUserId')?['body/value']"
            },
            "schema": {
              "type": "object",
              "properties": {
                "users": {
                  "type": "array",
                  "items": {
                    "type": "object",
                    "properties": {
                      "Id": {
                        "type": "string"
                      },
                      "AccountEnabled": {
                        "type": "boolean"
                      },
                      "BusinessPhones": {
                        "type": "array",
                        "items": {
                          "type": "string"
                        }
                      },
                      "City": {
                        "type": "string"
                      },
                      "Country": {
                        "type": "string"
                      },
                      "Department": {
                        "type": "string"
                      },
                      "DisplayName": {
                        "type": "string"
                      },
                      "GivenName": {
                        "type": "string"
                      },
                      "JobTitle": {
                        "type": "string"
                      },
                      "Mail": {
                        "type": "string"
                      },
                      "MailNickname": {
                        "type": "string"
                      },
                      "OfficeLocation": {
                        "type": "string"
                      },
                      "PostalCode": {
                        "type": "string"
                      },
                      "Surname": {
                        "type": "string"
                      },
                      "UserPrincipalName": {
                        "type": "string"
                      },
                      "mobilePhone": {
                        "type": "string"
                      },
                      "TelephoneNumber": {
                        "type": "string"
                      }
                    },
                    "required": [
                      "Id",
                      "AccountEnabled",
                      "BusinessPhones",
                      "DisplayName",
                      "Mail",
                      "MailNickname",
                      "UserPrincipalName"
                    ]
                  }
                },
                "results": {
                  "type": "array",
                  "items": {
                    "type": "object",
                    "properties": {
                      "@@odata.type": {
                        "type": "string"
                      },
                      "id": {
                        "type": "string"
                      },
                      "availability": {
                        "type": "string"
                      },
                      "activity": {
                        "type": "string"
                      }
                    },
                    "required": [
                      "@@odata.type",
                      "id",
                      "availability",
                      "activity"
                    ]
                  }
                }
              }
            }
          }
        }
      },
      "outputs": {}
    }
  },
  "schemaVersion": "1.0.0.0"
}