<ImportExportXml xmlns:xsi="http://www.w3.org/2001/XMLSchema-instance">
  <Entities></Entities>
  <Roles></Roles>
  <Workflows>
    <Workflow WorkflowId="{000a1d04-1ed8-ec11-a7b5-000d3acf42b5}" Name="GetPresence">
      <JsonFileName>/Workflows/GetPresence-000A1D04-1ED8-EC11-A7B5-000D3ACF42B5.json</JsonFileName>
      <Type>1</Type>
      <Subprocess>0</Subprocess>
      <Category>5</Category>
      <Mode>0</Mode>
      <Scope>4</Scope>
      <OnDemand>0</OnDemand>
      <TriggerOnCreate>0</TriggerOnCreate>
      <TriggerOnDelete>0</TriggerOnDelete>
      <AsyncAutodelete>0</AsyncAutodelete>
      <SyncWorkflowLogOnFailure>0</SyncWorkflowLogOnFailure>
      <StateCode>1</StateCode>
      <StatusCode>2</StatusCode>
      <RunAs>1</RunAs>
      <IsTransacted>1</IsTransacted>
      <IntroducedVersion>1.0.0.0</IntroducedVersion>
      <IsCustomizable>1</IsCustomizable>
      <BusinessProcessType>0</BusinessProcessType>
      <IsCustomProcessingStepAllowedForOtherPublishers>1</IsCustomProcessingStepAllowedForOtherPublishers>
      <PrimaryEntity>none</PrimaryEntity>
      <LocalizedNames>
        <LocalizedName languagecode="1041" description="GetPresence" />
      </LocalizedNames>
    </Workflow>
  </Workflows>
  <FieldSecurityProfiles></FieldSecurityProfiles>
  <Templates />
  <EntityMaps />
  <EntityRelationships />
  <OrganizationSettings />
  <optionsets />
  <CustomControls />
  <EntityDataProviders />
  <CanvasApps>
    <CanvasApp>
      <Name>ya_getpresence_832d1</Name>
      <AppVersion>2022-05-22T03:48:20Z</AppVersion>
      <Status>Ready</Status>
      <CreatedByClientVersion>3.22052.25.0</CreatedByClientVersion>
      <MinClientVersion>3.22052.25.0</MinClientVersion>
      <Tags>{"primaryDeviceWidth":"1366","primaryDeviceHeight":"768","supportsPortrait":"true","supportsLandscape":"true","primaryFormFactor":"Tablet","publisherVersion":"3.22052.25","minimumRequiredApiVersion":"2.2.0","hasComponent":"false","hasUnlockedComponent":"false","isUnifiedRootApp":"false","sienaVersion":"20220522T030015Z-3.22052.25.0"}</Tags>
      <IsCdsUpgraded>0</IsCdsUpgraded>
      <GalleryItemId xsi:nil="true"></GalleryItemId>
      <BackgroundColor>RGBA(0,176,240,1)</BackgroundColor>
      <DisplayName>GetPresence</DisplayName>
      <Description xsi:nil="true"></Description>
      <CommitMessage xsi:nil="true"></CommitMessage>
      <Publisher xsi:nil="true"></Publisher>
      <AuthorizationReferences>[]</AuthorizationReferences>
      <ConnectionReferences>{"caba4177-a0c5-479c-9a38-147555cbd886":{"id":"/providers/microsoft.powerapps/apis/shared_logicflows","displayName":"ロジック フロー","iconUri":"https://connectoricons-prod.azureedge.net/releases/v1.0.1534/1.0.1534.2605/logicflows/icon.png","dataSources":["GetPresence"],"dependencies":["a25ce94c-e861-4476-904d-6a4e8b9d909f","e26c9135-6175-48e4-8b08-443916b300f7"],"dependents":[],"parameterHints":{"workflowName":{"value":"420b07a1-ba01-4c99-aafe-df948c96c291"},"workflowEntityId":{"value":"000a1d04-1ed8-ec11-a7b5-000d3acf42b5"},"a25ce94c-e861-4476-904d-6a4e8b9d909f":{"value":"shared_office365users"},"e26c9135-6175-48e4-8b08-443916b300f7":{"value":"shared_getpresences-5f01c647c33275b153-5f65cd7146cf59a18b"}},"parameterHintsV2":{"workflowName":{"value":"420b07a1-ba01-4c99-aafe-df948c96c291"},"workflowEntityId":{"value":"000a1d04-1ed8-ec11-a7b5-000d3acf42b5"},"shared_office365users":{"value":"a25ce94c-e861-4476-904d-6a4e8b9d909f"},"shared_getpresences-5f01c647c33275b153-5f65cd7146cf59a18b":{"value":"e26c9135-6175-48e4-8b08-443916b300f7"}},"isOnPremiseConnection":false,"bypassConsent":false,"dataSets":{},"apiTier":"Standard","actions":["Run"],"isCustomApiSolutionAware":false},"a25ce94c-e861-4476-904d-6a4e8b9d909f":{"id":"/providers/microsoft.powerapps/apis/shared_office365users","displayName":"Office 365 ユーザー","iconUri":"https://connectoricons-prod.azureedge.net/releases/v1.0.1573/1.0.1573.2770/office365users/icon.png","dataSources":[],"dependencies":[],"dependents":["caba4177-a0c5-479c-9a38-147555cbd886"],"parameterHints":{},"parameterHintsV2":{},"isOnPremiseConnection":false,"bypassConsent":false,"dataSets":{},"apiTier":"Standard","isCustomApiSolutionAware":false},"e26c9135-6175-48e4-8b08-443916b300f7":{"id":"/providers/microsoft.powerapps/apis/shared_getpresences-5f01c647c33275b153-5f65cd7146cf59a18b","displayName":"GetPresences","iconUri":"https://az787822.vo.msecnd.net/defaulticons/api-dedicated.png","dataSources":[],"dependencies":[],"dependents":["caba4177-a0c5-479c-9a38-147555cbd886"],"parameterHints":{},"parameterHintsV2":{},"isOnPremiseConnection":false,"bypassConsent":false,"dataSets":{},"apiTier":"Standard","customApiLogicalName":"ya_getpresences","isCustomApiSolutionAware":true}}</ConnectionReferences>
      <DatabaseReferences>{}</DatabaseReferences>
      <AppComponents>[]</AppComponents>
      <AppComponentDependencies>[]</AppComponentDependencies>
      <CanConsumeAppPass>1</CanConsumeAppPass>
      <CanvasAppType>0</CanvasAppType>
      <BypassConsent>0</BypassConsent>
      <AdminControlBypassConsent>0</AdminControlBypassConsent>
      <EmbeddedApp xsi:nil="true"></EmbeddedApp>
      <IntroducedVersion>1.0</IntroducedVersion>
      <CdsDependencies>{"cdsdependencies":[{"logicalname":"ya_getpresences","componenttype":372,"componenttypeplatformname":"connector"}]}</CdsDependencies>
      <IsCustomizable>1</IsCustomizable>
      <BackgroundImageUri>/CanvasApps/ya_getpresence_832d1_BackgroundImageUri</BackgroundImageUri>
      <DocumentUri>/CanvasApps/ya_getpresence_832d1_DocumentUri.msapp</DocumentUri>
    </CanvasApp>
  </CanvasApps>
  <Connectors>
    <Connector>
      <connectorid>eb33e33a-0a1c-4d85-95c7-fbb7aa962961</connectorid>
      <description>Get presences</description>
      <displayname>GetPresences</displayname>
      <iconbrandcolor>#007ee5</iconbrandcolor>
      <name>ya_getpresences</name>
      <connectortype>1</connectortype>
      <openapidefinition>/Connector/ya_getpresences_openapidefinition.json</openapidefinition>
      <connectionparameters>/Connector/ya_getpresences_connectionparameters.json</connectionparameters>
      <policytemplateinstances>/Connector/ya_getpresences_policytemplateinstances.json</policytemplateinstances>
      <iconblob>/Connector/ya_getpresences_iconblob.Png</iconblob>
    </Connector>
  </Connectors>
  <Languages>
    <Language>1041</Language>
  </Languages>
</ImportExportXml>