<ImportExportXml xmlns:xsi="http://www.w3.org/2001/XMLSchema-instance">
  <Entities></Entities>
  <Roles></Roles>
  <Workflows>
    <Workflow WorkflowId="{000a1d04-1ed8-ec11-a7b5-000d3acf42b5}" Name="GetPresence">
      <JsonFileName>/Workflows/GetPresence-000A1D04-1ED8-EC11-A7B5-000D3ACF42B5.json</JsonFileName>
      <Type>1</Type>
      <Subprocess>0</Subprocess>
      <Category>5</Category>
      <Mode>0</Mode>
      <Scope>4</Scope>
      <OnDemand>0</OnDemand>
      <TriggerOnCreate>0</TriggerOnCreate>
      <TriggerOnDelete>0</TriggerOnDelete>
      <AsyncAutodelete>0</AsyncAutodelete>
      <SyncWorkflowLogOnFailure>0</SyncWorkflowLogOnFailure>
      <StateCode>1</StateCode>
      <StatusCode>2</StatusCode>
      <RunAs>1</RunAs>
      <IsTransacted>1</IsTransacted>
      <IntroducedVersion>1.0.0.0</IntroducedVersion>
      <IsCustomizable>1</IsCustomizable>
      <BusinessProcessType>0</BusinessProcessType>
      <IsCustomProcessingStepAllowedForOtherPublishers>1</IsCustomProcessingStepAllowedForOtherPublishers>
      <PrimaryEntity>none</PrimaryEntity>
      <LocalizedNames>
        <LocalizedName languagecode="1041" description="GetPresence" />
      </LocalizedNames>
    </Workflow>
  </Workflows>
  <FieldSecurityProfiles></FieldSecurityProfiles>
  <Templates />
  <EntityMaps />
  <EntityRelationships />
  <OrganizationSettings />
  <optionsets />
  <CustomControls />
  <EntityDataProviders />
  <Connectors>
    <Connector>
      <connectorid>eb33e33a-0a1c-4d85-95c7-fbb7aa962961</connectorid>
      <description>Get presences</description>
      <displayname>GetPresences</displayname>
      <iconbrandcolor>#007ee5</iconbrandcolor>
      <name>ya_getpresences</name>
      <connectortype>1</connectortype>
      <openapidefinition>/Connector/ya_getpresences_openapidefinition.json</openapidefinition>
      <connectionparameters>/Connector/ya_getpresences_connectionparameters.json</connectionparameters>
      <policytemplateinstances>/Connector/ya_getpresences_policytemplateinstances.json</policytemplateinstances>
      <iconblob>/Connector/ya_getpresences_iconblob.Png</iconblob>
    </Connector>
  </Connectors>
  <Languages>
    <Language>1041</Language>
  </Languages>
</ImportExportXml>