<ImportExportXml xmlns:xsi="http://www.w3.org/2001/XMLSchema-instance">
  <Entities></Entities>
  <Roles></Roles>
  <Workflows>
    <Workflow WorkflowId="{75fc467d-3348-ec11-8c62-000d3a40cfc3}" Name="GetPresences">
      <JsonFileName>/Workflows/GetPresences-75FC467D-3348-EC11-8C62-000D3A40CFC3.json</JsonFileName>
      <Type>1</Type>
      <Subprocess>0</Subprocess>
      <Category>5</Category>
      <Mode>0</Mode>
      <Scope>4</Scope>
      <OnDemand>0</OnDemand>
      <TriggerOnCreate>0</TriggerOnCreate>
      <TriggerOnDelete>0</TriggerOnDelete>
      <AsyncAutodelete>0</AsyncAutodelete>
      <SyncWorkflowLogOnFailure>0</SyncWorkflowLogOnFailure>
      <StateCode>1</StateCode>
      <StatusCode>2</StatusCode>
      <RunAs>1</RunAs>
      <IsTransacted>1</IsTransacted>
      <IntroducedVersion>1.0.0.0</IntroducedVersion>
      <IsCustomizable>1</IsCustomizable>
      <BusinessProcessType>0</BusinessProcessType>
      <IsCustomProcessingStepAllowedForOtherPublishers>1</IsCustomProcessingStepAllowedForOtherPublishers>
      <PrimaryEntity>none</PrimaryEntity>
      <LocalizedNames>
        <LocalizedName languagecode="1041" description="GetPresences" />
      </LocalizedNames>
    </Workflow>
  </Workflows>
  <FieldSecurityProfiles></FieldSecurityProfiles>
  <Templates />
  <EntityMaps />
  <EntityRelationships />
  <OrganizationSettings />
  <optionsets />
  <CustomControls />
  <EntityDataProviders />
  <CanvasApps>
    <CanvasApp>
      <Name>yaa_getpresenceapp_1aabf</Name>
      <AppVersion>2021-11-18T13:02:44Z</AppVersion>
      <Status>Ready</Status>
      <CreatedByClientVersion>3.21112.22.0</CreatedByClientVersion>
      <MinClientVersion>3.21112.22.0</MinClientVersion>
      <Tags>{"primaryDeviceWidth":"1366","primaryDeviceHeight":"768","sienaVersion":"fc27c416-6c4e-405e-866c-4df33eb30215","deviceCapabilities":"","supportsPortrait":"true","supportsLandscape":"true","primaryFormFactor":"Tablet","publisherVersion":"3.21112.22","minimumRequiredApiVersion":"2.2.0","hasComponent":"false","hasUnlockedComponent":"false","isUnifiedRootApp":"false"}</Tags>
      <IsCdsUpgraded>0</IsCdsUpgraded>
      <GalleryItemId xsi:nil="true"></GalleryItemId>
      <BackgroundColor>RGBA(0,176,240,1)</BackgroundColor>
      <DisplayName>GetPresenceApp</DisplayName>
      <Description xsi:nil="true"></Description>
      <CommitMessage xsi:nil="true"></CommitMessage>
      <Publisher xsi:nil="true"></Publisher>
      <AuthorizationReferences>[]</AuthorizationReferences>
      <ConnectionReferences>{"4f7acf6d-2056-4f8c-bb95-1bb164b376d5":{"id":"/providers/microsoft.powerapps/apis/shared_logicflows","displayName":"ロジック フロー","iconUri":"https://connectoricons-prod.azureedge.net/releases/v1.0.1534/1.0.1534.2605/logicflows/icon.png","dataSources":["GetPresences"],"dependencies":["e592f6ca-d780-45a5-88f9-7cbb1274223f","82b85fb1-7be1-488e-9658-be36b3f95f91"],"dependents":[],"parameterHints":{"workflowName":{"value":"ef445a81-db7b-4191-9a78-c0ee4e5ad89b"},"workflowEntityId":{"value":"75fc467d-3348-ec11-8c62-000d3a40cfc3"},"e592f6ca-d780-45a5-88f9-7cbb1274223f":{"value":"shared_office365users"},"82b85fb1-7be1-488e-9658-be36b3f95f91":{"value":"shared_yaa-5fgetpresenceconnector-5f01c647c33275b153"}},"parameterHintsV2":{"workflowName":{"value":"ef445a81-db7b-4191-9a78-c0ee4e5ad89b"},"workflowEntityId":{"value":"75fc467d-3348-ec11-8c62-000d3a40cfc3"},"shared_office365users":{"value":"e592f6ca-d780-45a5-88f9-7cbb1274223f"},"shared_yaa-5fgetpresenceconnector-5f01c647c33275b153":{"value":"82b85fb1-7be1-488e-9658-be36b3f95f91"}},"isOnPremiseConnection":false,"bypassConsent":false,"dataSets":{},"apiTier":"Standard","actions":["Run"],"isCustomApiSolutionAware":false},"e592f6ca-d780-45a5-88f9-7cbb1274223f":{"id":"/providers/microsoft.powerapps/apis/shared_office365users","displayName":"Office 365 ユーザー","iconUri":"https://connectoricons-prod.azureedge.net/releases/v1.0.1528/1.0.1528.2589/office365users/icon.png","dataSources":[],"dependencies":[],"dependents":["4f7acf6d-2056-4f8c-bb95-1bb164b376d5"],"parameterHints":{},"parameterHintsV2":{},"isOnPremiseConnection":false,"bypassConsent":false,"dataSets":{},"apiTier":"Standard","isCustomApiSolutionAware":false},"82b85fb1-7be1-488e-9658-be36b3f95f91":{"id":"/providers/microsoft.powerapps/apis/shared_yaa-5fgetpresenceconnector-5f01c647c33275b153","displayName":"GetPresenceConnector","iconUri":"https://az787822.vo.msecnd.net/defaulticons/api-dedicated.png","dataSources":[],"dependencies":[],"dependents":["4f7acf6d-2056-4f8c-bb95-1bb164b376d5"],"parameterHints":{},"parameterHintsV2":{},"isOnPremiseConnection":false,"bypassConsent":false,"dataSets":{},"apiTier":"Standard","customApiLogicalName":"yaa_5Fgetpresenceconnector","isCustomApiSolutionAware":true}}</ConnectionReferences>
      <DatabaseReferences>{}</DatabaseReferences>
      <AppComponents>[]</AppComponents>
      <AppComponentDependencies>[]</AppComponentDependencies>
      <CanConsumeAppPass>1</CanConsumeAppPass>
      <CanvasAppType>0</CanvasAppType>
      <BypassConsent>0</BypassConsent>
      <AdminControlBypassConsent>0</AdminControlBypassConsent>
      <EmbeddedApp xsi:nil="true"></EmbeddedApp>
      <IntroducedVersion>1.0</IntroducedVersion>
      <CdsDependencies>{"cdsdependencies":[{"logicalname":"yaa_5Fgetpresenceconnector","componenttype":372,"componenttypeplatformname":"connector"}]}</CdsDependencies>
      <IsCustomizable>1</IsCustomizable>
      <BackgroundImageUri>/CanvasApps/yaa_getpresenceapp_1aabf_BackgroundImageUri</BackgroundImageUri>
      <DocumentUri>/CanvasApps/yaa_getpresenceapp_1aabf_DocumentUri.msapp</DocumentUri>
    </CanvasApp>
  </CanvasApps>
  <Connectors>
    <Connector>
      <connectorid>c7289085-1e12-4e5a-9f2e-c01bd8ee170b</connectorid>
      <description></description>
      <displayname>GetPresenceConnector</displayname>
      <iconbrandcolor>#007ee5</iconbrandcolor>
      <name>yaa_5Fgetpresenceconnector</name>
      <connectortype>1</connectortype>
      <openapidefinition>/Connector/yaa_5Fgetpresenceconnector_openapidefinition.json</openapidefinition>
      <connectionparameters>/Connector/yaa_5Fgetpresenceconnector_connectionparameters.json</connectionparameters>
      <policytemplateinstances>/Connector/yaa_5Fgetpresenceconnector_policytemplateinstances.json</policytemplateinstances>
      <iconblob>/Connector/yaa_5Fgetpresenceconnector_iconblob.Png</iconblob>
    </Connector>
  </Connectors>
  <Languages>
    <Language>1041</Language>
  </Languages>
</ImportExportXml>